NetReturn%,Sharpe
156.47043099402532,0.10534310329863208
