NetReturn%,Sharpe
189.97902319783907,0.15513705223477006
